,r2,mae
Acura  RDX  I 2006 – 2009 ,0.5875804176945456,97885.71185908536
Audi  100  III (C3) 1982 – 1988 ,-0.7166415283343828,85838.55059523809
Audi  100  IV (C4) 1990 – 1994 ,0.13466910108104835,21282.633958333336
Audi  80  IV (B3) 1986 – 1991 ,-2.005011769579749,49843.434576719585
Audi  80  V (B4) 1991 – 1996 ,0.37310089988945017,15053.059807256239
Audi  A3  II (8P) Restyling 1 2004 – 2008 ,-0.8836018857502435,26139.27678571432
Audi  A3  II (8P) Restyling 2 2008 – 2013 ,0.660572384312651,59831.85725385738
Audi  A3  III (8V) 2012 – 2016 ,-1.732948418474253,158471.87241719774
Audi  A3  III (8V) Restyling 2016 – now ,0.7259928201897845,120396.4771071428
Audi  A4  I (B5) 1994 – 1999 ,-3.1059080920245403,58576.666666666664
Audi  A4  I (B5) Restyling 1999 – 2001 ,0.5646114586766544,29947.51984126987
Audi  A4  II (B6) 2000 – 2006 ,0.7696763103174988,17602.63392857143
Audi  A4  III (B7) 2004 – 2009 ,0.45221337570002385,54994.78143037518
Audi  A4  IV (B8) 2007 – 2011 ,-0.23960705971751994,132616.93452380944
Audi  A4  V (B9) Restyling 2019 – now ,-0.40228415132343365,206057.4492857142
Audi  A5  I (8T) 2007 – 2011 ,0.5186662428816607,124733.69047619053
Audi  A5  I (8T) Restyling 2011 – 2016 ,0.7141272791790181,163379.32448809547
Audi  A5  II (F5) 2016 – now ,0.346911882981243,216193.7142857144
Audi  A6  I (C4) 1994 – 1997 ,0.3248112612043934,31800.0
Audi  A6  II (C5) Restyling 2001 – 2004 ,-2.3382978215713415,69755.11111111114
Audi  A6  III (C6) 2004 – 2008 ,0.6667535226622239,58614.58333333334
Audi  A6  III (C6) Restyling 2008 – 2011 ,-0.419434274722412,29372.88192363198
Audi  A6  IV (C7) 2011 – 2014 ,-0.3052852569600042,93768.29100529112
Audi  A6  IV (C7) Restyling 2014 – 2018 ,0.6936770854290604,133016.74222176676
Audi  A6  V (C8) 2018 – now ,0.6386176095808156,290435.8150336699
Audi  A6 allroad  II (C6) 2006 – 2008 ,-0.4958764362223991,109245.92261904765
Audi  A7  I (4G) 2010 – 2014 ,0.33328065086281566,123247.9779942282
Audi  A7  II (4K) 2018 – now ,0.021562108481381514,448883.1782063488
Audi  A8  II (D3) Restyling 2 2007 – 2010 ,0.6930160841696743,67890.67902236654
Audi  A8  III (D4) 2009 – 2014 ,0.48618618404606617,243704.72485569975
Audi  Q3  I (8U) 2011 – 2014 ,0.8634588669283222,20396.93601190491
Audi  Q3  II (F3) 2018 – now ,-0.09532954178984765,98674.78426412928
Audi  Q3 Sportback  I (F3) 2019 – now ,-0.03463142037092748,426549.418125
Audi  Q5  I (8R) 2008 – 2012 ,0.4476656451337463,80674.77777777806
Audi  Q5  II (FY) 2017 – now ,-0.16594286167801053,40676.402116402205
BMW  1 series  I (E81/E82/E87/E88) 2004 – 2007 ,0.5626369011110317,52817.74166666662
BMW  1 series  I (E81/E82/E87/E88) Restyling 2007 – 2011 ,0.5759357423107677,73522.37240305991
BMW  1 series  II (F20/F21) 2011 – 2015 ,-3.161257687034122,86715.52579365058
BMW  1 series  II (F20/F21) Restyling 2015 – 2017 ,-1.3478142734891359,147368.626984127
BMW  2 series  F22 2014 – 2017 ,0.06648971478167065,256324.63624338628
BMW  2 series  F44 2019 – now ,-0.020737923437363026,22877.208750000224
BMW  3 series  III (E36) 1990 – 2000 ,-0.5658690842217287,48666.615646258506
BMW  3 series  IV (E46) 1998 – 2003 ,-0.1649257992746549,59568.53746031746
BMW  3 series  V (E90/E91/E92/E93) 2005 – 2010 ,0.4973516954779905,121786.94706651688
BMW  3 series  V (E90/E91/E92/E93) Restyling 2008 – 2013 ,0.31941766263748683,130671.67869476209
BMW  3 series  VI (F3x) 2011 – 2016 ,0.9384501419134084,36725.73452380956
BMW  3 series  VI (F3x) Restyling 2015 – now ,-0.3862895038278431,214596.11111111092
BMW  4 series  F32/F33/F36 2013 – 2017 ,-0.19299002627912043,138456.77777777775
BMW  4 series  F32/F33/F36 Restyling 2017 – now ,0.1434911269174789,124909.76102994208
BMW  5 series  III (E34) 1987 – 1996 ,-2.6483586012626006,188982.5714285714
BMW  5 series  IV (E39) Restyling 2000 – 2004 ,-0.24745041973133786,143814.9976190476
BMW  5 series  V (E60/E61) 2002 – 2007 ,-0.29719602934597344,106237.5
BMW  5 series  VI (F10/F11/F07) 2009 – 2013 ,0.02187985633595435,163607.99966666667
BMW  5 series  VI (F10/F11/F07) Restyling 2013 – 2017 ,-9.925334535912949,179708.5416666665
BMW  6 series  II (E63/E64) 2003 – 2007 ,-1.618069264687489,231646.04533429546
BMW  6 series  III (F06/F13/F12) 2011 – 2015 ,-37.883447502592986,381420.96666666697
BMW  7 series  II (E32) 1986 – 1994 ,0.026362189513227663,157450.0
BMW  7 series  III (E38) 1994 – 1998 ,-0.5194641278872381,689323.8888888889
BMW  7 series  III (E38) Restyling 1998 – 2001 ,-4.586192698148293,551761.7658730159
BMW  7 series  IV (E65/E66) 2001 – 2005 ,0.12269126168311595,684428.7461666667
BMW  7 series  V (F01/F02/F04) 2008 – 2012 ,-0.11292764139692824,835424.1416566253
BMW  7 series  V (F01/F02/F04) Restyling 2012 – 2015 ,0.7520634201968859,140605.9507048506
BMW  7 series  VI (G11/G12) 2015 – 2019 ,-0.1464892218623901,1038263.8323412691
BMW  8 series  II (G14/G15/G16) 2018 – now ,-0.2563861397210505,1047740.502471501
BMW  M5  VI (F90) 2017 – now ,-168.28740307256248,967193.6706349222
BMW  X1  I (E84) Restyling 2012 – 2015 ,-0.7640832771051065,52229.11111111116
BMW  X3  I (E83) 2003 – 2006 ,-6.293317003891118,67425.41666666667
BMW  X3  I (E83) Restyling 2006 – 2010 ,0.9558842206579171,15478.135416666686
BMW  X3  II (F25) 2010 – 2014 ,-2.732606813786812,195888.96614959138
BMW  X3  II (F25) Restyling 2014 – 2017 ,0.9131153200642871,75626.7604166664
BMW  X5  I (E53) 1999 – 2003 ,-0.0017619415312599696,79779.54905443144
BMW  X5  II (E70) Restyling 2010 – 2013 ,-0.1601962519537894,120997.48412698407
BMW  X5 M  I (E70) 2009 – 2013 ,-0.012487381408144538,231132.61387037035
BMW  X5 M  II (F85) 2014 – 2018 ,-1.0709398652835196,801186.4741269838
BMW  X5 M  III (F95) 2019 – now ,-0.0009139889733540407,301915.99138888594
BMW  X6  III (G06) 2019 – now ,-0.20101938444651846,897479.0344761921
BMW  X6 M  I (E71) Restyling 2012 – 2014 ,-0.588259362976917,118032.60912698398
BMW  X6 M  III (F96) 2019 – now ,-0.27317363317852705,1327616.1199999973
Bentley  Bentayga  I 2015 – now ,-0.25699700548615456,2326920.0642857156
Bentley  Continental GT  I 2003 – 2011 ,0.7997335725352547,79003.33333333333
Bentley  Continental GT  II 2011 – 2015 ,0.08354690310720936,1173606.3095238097
Bentley  Flying Spur  I 2013 – 2019 ,0.9148417303983777,712119.1071428577
Cadillac  BLS  2006 – 2009 ,-51.03211729380979,16837.807539682468
Cadillac  Escalade  IV 2014 – now ,-5.343443111388317,1547064.9939928977
Cadillac  SRX  I 2003 – 2009 ,0.3894482492434872,48359.42460317452
Cadillac  SRX  II 2009 – 2012 ,-0.9822192618047934,140532.190055315
Cadillac  SRX  II Restyling 2012 – 2016 ,0.5336623387169375,115684.99999999993
Changan  CS35  2013 – now ,-0.012414530548916947,42697.690476190546
Changan  CS35PLUS  2018 – now ,0.6700717115292634,72048.40079365073
Chery  Fora (A21)  2006 – 2011 ,-0.19874899138168955,37495.151795032296
Chery  IndiS (S18D)  I 2010 – 2015 ,0.6740169470091661,26330.305856180912
Chery  Kimo (A1)  2007 – 2014 ,0.5910716271250476,19361.209449404807
Chery  QQ6 (S21)  2006 – 2010 ,-0.0795692341055596,15723.793831168843
Chery  Tiggo (T11)  I 2005 – 2013 ,0.21184644506175865,41798.49627594628
Chery  Tiggo (T11)  I Restyling (FL) 2011 – 2016 ,-25.845928128134187,86131.5515873015
Chevrolet  Aveo  I 2003 – 2008 ,0.6049909648868327,19458.880291005295
Chevrolet  Aveo  I Restyling 2006 – 2012 ,-3.0307098937964057,37297.841733663205
Chevrolet  Aveo  II 2011 – 2015 ,0.28639725613921674,35198.32146210267
Chevrolet  Camaro  V 2009 – 2013 ,0.7102123677643511,50365.4831800143
Chevrolet  Captiva  I 2006 – 2011 ,-0.6912097740835996,35473.25
Chevrolet  Cobalt  II 2011 – 2016 ,-7.827159978594134,37380.95965608483
Chevrolet  Cruze  I 2009 – 2012 ,-5.1750201184583,61113.95998677247
Chevrolet  Cruze  I Restyling 2012 – 2015 ,0.4802321513022686,38347.52182539678
Chevrolet  Epica  I 2006 – 2009 ,-0.11310895522232989,47938.53774396328
Chevrolet  Epica  I Restyling 2009 – 2012 ,0.7103875175125556,25290.515362507926
Chevrolet  Lacetti  2004 – 2013 ,0.05235926057537488,39256.03484920635
Chevrolet  Lanos  I 2002 – 2009 ,-0.9608258159613892,31163.57208994708
Chevrolet  Nexia  I 2020 – now ,0.361559488652906,24166.972734127
Chevrolet  Orlando  I 2010 – 2015 ,-2.3007211502768192,46937.56486768788
Chevrolet  Rezzo  2000 – 2008 ,-1.3965663114804934,40924.13095238094
Chevrolet  Spark  III 2009 – 2016 ,-0.09486128308879826,30019.697942460287
Chevrolet  Tahoe  II 1999 – 2006 ,-2.287771508768671,91128.73412698419
Chevrolet  Tahoe  IV 2014 – now ,-5.52692768547641,637820.1333333332
Chevrolet  TrailBlazer  I 2001 – 2006 ,0.48162512345679154,19846.666666666657
Chrysler  300C  I 2004 – 2011 ,0.5772481144328636,175328.72449999998
Chrysler  300M  1998 – 2004 ,-27.339635671960206,39215.488095238106
Chrysler  Pacifica  CS 2003 – 2008 ,0.33542070543805313,55594.89809074367
Chrysler  Sebring  II Restyling 2003 – 2006 ,-3.7845807212299514,122046.62698412698
Chrysler  Sebring  III 2006 – 2010 ,-1.08829823840868,88237.66666666664
Citroen  Berlingo  II 2008 – 2012 ,0.21143236197262527,20924.587301587297
Citroen  Berlingo  II Restyling 2012 – 2015 ,-2.6665650547795,144571.7989417989
Citroen  C-Crosser  2007 – 2013 ,-0.43141806444114117,54350.77773015868
Citroen  C-Elysee  I 2012 – 2016 ,-0.8305322932427512,71876.0518507841
Citroen  C3  I 2002 – 2006 ,0.24243658686971437,21247.120107670104
Citroen  C3  I Restyling 2005 – 2009 ,0.6873298544713964,17631.870871350853
Citroen  C3 Picasso  I 2009 – 2012 ,0.4494467230595647,63169.46478174602
Citroen  C4  I 2004 – 2014 ,0.03164902134346148,61555.324388603076
Citroen  C4  II 2010 – 2016 ,0.0032258940304811246,58492.28869047618
Citroen  C4  II Restyling 2015 – now ,-0.09040893612601608,152004.02777777784
Citroen  C4 Picasso  I 2006 – 2013 ,-1.4188347793362515,181979.54527777774
Citroen  C5  II 2008 – 2017 ,0.4813429247817971,55860.25
Citroen  DS4  2011 – 2015 ,-1.4895394397278956,95636.66666666651
Citroen  Xsara Picasso  1999 – 2012 ,0.7023660516512306,13626.904761904741
DW Hower  H3  I 2017 – 2019 ,-2.9224278457986963,37302.38469047588
Daewoo  Nexia  I Restyling 2008 – 2016 ,0.6818173619507273,15375.55308677681
Datsun  mi-DO  2015 – now ,0.7417105924071381,25036.68650793647
Datsun  on-DO  I 2014 – 2019 ,-0.020293933371315465,57393.928857022605
Datsun  on-DO  I Restyling 2019 – now ,-0.8056489383186698,234811.8730158731
Dodge  Caliber  I 2006 – 2009 ,0.4314783764917631,134284.80344774254
Dodge  Caravan  III 1995 – 2000 ,-10.936941294763512,51254.5
Dodge  Caravan  IV 2000 – 2007 ,0.6842230401607556,75163.28809523814
Dodge  Caravan  V 2007 – now ,-9.802607222422182,1369558.3879047618
Dodge  Stratus  II 2000 – 2003 ,-1.2057647361522834,108746.38888888886
FAW  Besturn X80  I Restyling 2018 – now ,0.7559770810803713,51893.754890942335
Fiat  Albea  I Restyling 2005 – 2012 ,-0.22559641309237954,52310.1025132275
Fiat  Doblo  I Restyling 2005 – 2015 ,0.5657949008695689,58123.33670634922
Ford  C-MAX  I Restyling 2007 – 2010 ,-0.0629826012436221,36748.511904761894
Ford  EcoSport  I 2014 – 2018 ,0.6311966935114507,55309.03258778244
Ford  Escape  I 2000 – 2004 ,-1.0016527744298434,66836.10777777777
Ford  Explorer  IV 2005 – 2010 ,-2.960955973264667,103158.492063492
Ford  Explorer  V 2010 – 2015 ,0.8454763596334367,28145.329365079135
Ford  Explorer  V Restyling 2 2017 – 2019 ,-1.2949810289085284,156429.1164921749
Ford  Explorer  V Restyling 2015 – 2018 ,0.40634031767086787,77714.46825396828
Ford  Fiesta  Mk5 2002 – 2008 ,0.6724856779192706,29433.893819279838
Ford  Fiesta  Mk6 2008 – 2013 ,-38.46687136111103,77527.08333333326
Ford  Fiesta  Mk6 Restyling 2012 – 2019 ,-0.41912636315217355,148301.11336580085
Ford  Focus  I Restyling 2001 – 2005 ,-173.11839631006984,45799.22619047618
Ford  Focus  II 2005 – 2008 ,-0.6929342211471279,42796.625674603165
Ford  Focus  II Restyling 2007 – 2011 ,0.5334553324967508,36704.929272116766
Ford  Focus  III 2011 – 2015 ,0.6780329530103753,41903.468523143565
Ford  Focus  III Restyling 2014 – 2019 ,0.7021846055914212,49724.22328814236
Ford  Focus ST  II Restyling 2008 – 2011 ,-0.024734710743801624,55000.0
Ford  Kuga  II 2012 – 2016 ,-4.764855806450848,104635.01984127001
Ford  Kuga  II Restyling 2016 – 2019 ,-0.31575715622117406,92175.73337773327
Ford  Maverick  II 2000 – 2007 ,-1.1030143041333256,24301.021825396805
Ford  Mondeo  III Restyling 2003 – 2007 ,-1.600443147080325,55656.97916666667
Ford  Mondeo  IV 2006 – 2010 ,0.701465696834082,36965.70976430976
Ford  Mondeo  IV Restyling 2010 – 2014 ,0.1259865791907252,59974.46558246746
Ford  Mustang  VI 2014 – 2017 ,-0.17609048933160154,57408.253601190285
Ford  Ranger  II Restyling 2009 – 2011 ,-2.9782690936076683,47458.571428571246
Ford  S-MAX  I 2006 – 2010 ,0.8382379198345831,18294.178571428594
Ford  S-MAX  I Restyling 2010 – 2015 ,-4.831633230627306,80958.33333333333
GAZ  14 «Chaika»  1977 – 1989 ,0.7162272260507104,414720.8333333331
GAZ  24 «Volga»  I (24) 1968 – 1987 ,0.5176830072,867775.0
GAZ  24 «Volga»  II (2410) 1985 – 1992 ,0.7746879683095524,94173.7836507937
GAZ  3102 «Volga»  1982 – 2009 ,0.26851039525209985,354125.71548821544
GAZ  31029 «Volga»  1992 – 1998 ,-0.33953041806496786,2772430.0109126987
GAZ  31105 «Volga»  2003 – 2009 ,-5.463031360114835,95002.22222222223
Geely  Atlas  I 2016 – now ,-3.3110990431394836,254845.19855158706
Geely  Coolray  I 2020 – now ,-0.9501555955604621,250365.948181818
Geely  Emgrand EC7  2009 – 2016 ,-0.32300935071417713,68549.36011904762
Geely  Emgrand X7  I Restyling 2 2018 – now ,-1.5658972065941494,231495.0
Geely  Emgrand X7  I Restyling 2016 – 2019 ,-0.11645002798654325,33944.43452380939
Genesis  G80  I 2016 – now ,-0.641379734045237,636862.0972222221
Great Wall  Hover  2005 – 2010 ,-0.00274388004200099,38956.27976190477
Great Wall  Hover H3  I 2010 – 2015 ,0.7207291314112265,38510.176887926966
Great Wall  Hover H5  2010 – 2017 ,0.7358797028467992,25349.416666666588
Haval  F7  i 2019 – now ,-7.569865238200865,170597.7976190478
Haval  F7x  I 2019 – now ,-2.8581359046163586,188426.11111111045
Haval  H6  2014 – now ,0.15138864889296433,68686.84523809522
Honda  Accord  IX 2012 – 2015 ,-1.0502469422019458,237012.23893698896
Honda  Accord  VIII Restyling 2011 – 2013 ,0.06265207780636028,129900.80147705015
Honda  CR-V  I 1995 – 1999 ,-0.28657701789137713,37043.2296291671
Honda  CR-V  I Restyling 1999 – 2001 ,-5994.514830207546,37609.6111111111
Honda  CR-V  II 2001 – 2004 ,-0.01542522578199046,32919.333333333336
Honda  CR-V  III 2006 – 2009 ,-0.12350137595623112,60805.666666666686
Honda  CR-V  III Restyling 2009 – 2012 ,0.38571997907924593,99049.62222222192
Honda  CR-V  IV 2012 – 2015 ,-40.535543046487625,125409.48611111124
Honda  CR-V  V 2016 – now ,-0.36072170416904803,301725.87566137547
Honda  Civic  IX 2011 – 2015 ,-0.024760738697654938,54172.42460317459
Honda  Civic  VI 1995 – 2002 ,0.2942136070682888,49421.59999999999
Honda  Civic  VIII 2005 – 2008 ,-0.0035291752803194854,49615.76190476187
Honda  Civic  VIII Restyling 2008 – 2011 ,-0.08798784834265438,122833.52632645126
Honda  HR-V  I Restyling 2001 – 2006 ,0.4511710308102801,40802.743709302864
Honda  Jazz  I Restyling 2005 – 2008 ,-0.2744315351266551,23034.308862433845
Honda  Pilot  II Restyling 2011 – 2015 ,-0.0983850240643569,107573.52052231359
Honda  Prelude  V 1996 – 2001 ,0.4008506599062729,52382.01498556997
Hummer  H2  I 2002 – 2007 ,-3.595294353380628,638655.2167197661
Hummer  H3  2005 – 2010 ,-15.229599047563376,292147.32142857154
Hyundai  Accent  II 1999 – 2012 ,0.5834416708925694,28843.36507936507
Hyundai  Creta  I 2016 – now ,-1.1158586371297567,91502.84821428574
Hyundai  Elantra  V (MD) 2010 – 2014 ,0.05343008805769833,64652.78240740738
Hyundai  Elantra  V (MD) Restyling 2013 – 2016 ,-2.3601695034893493,41797.726190476016
Hyundai  Elantra  VI (AD) 2015 – 2019 ,0.4524751569891031,55411.38504088499
Hyundai  Equus  II Restyling 2013 – 2016 ,-1.1052643582299755,149692.39285714287
Hyundai  Getz  I 2002 – 2005 ,0.39870875682906304,33447.706349206324
Hyundai  Grandeur  IV 2005 – 2009 ,0.88064350482695,12599.8383699634
Hyundai  Matrix  I 2001 – 2005 ,-1.3062748173561372,16670.54365079361
Hyundai  Matrix  I Restyling 2 2008 – 2010 ,-0.49124960483586433,26070.641835016857
Hyundai  Matrix  I Restyling 2005 – 2008 ,-0.875540640510581,23104.519841269823
Hyundai  Santa Fe  I 2000 – 2012 ,0.9137603977813368,20967.87797619046
Hyundai  Santa Fe  II Restyling 2009 – 2012 ,-15.814896219238936,97152.44047619053
Hyundai  Santa Fe  III Restyling 2015 – 2018 ,0.7505418612215342,109521.98713834758
Hyundai  Solaris  I 2010 – 2014 ,0.4967284929597835,45724.55972222221
Hyundai  Solaris  I Restyling 2014 – 2017 ,0.24946214569312308,41053.715148809955
Hyundai  Solaris  II 2017 – now ,0.21623740548850512,62392.1028138526
Hyundai  Solaris  II Restyling 2020 – now ,-0.6066148122992019,141724.10666666666
Hyundai  Sonata  V (NF) 2004 – 2010 ,0.5442932814261194,12523.308201058206
Hyundai  Sonata  VI (YF) 2009 – 2014 ,-0.5335542749285049,82261.66137566131
Hyundai  Sonata  VIII (DN8) 2019 – now ,0.22364517948089524,77889.42754329012
Hyundai  Tucson  I 2004 – 2010 ,0.2774354151509868,52574.53403078412
Hyundai  Tucson  III Restyling 2018 – now ,-0.2272849368959815,232859.29542448264
Hyundai  Verna  II 2005 – 2010 ,0.5764895811210133,19948.637566137535
Hyundai  i20  I 2008 – 2012 ,-12.008888946812675,76218.87391534385
Hyundai  i30  I 2007 – 2010 ,-2.0576061426776016,42198.32746693116
Hyundai  i30  I Restyling 2010 – 2012 ,-0.5849995543226576,41274.33658936523
Hyundai  i30  II 2011 – 2015 ,-6.011755004286028,129178.5085076961
Hyundai  i30  II Restyling 2015 – 2017 ,-37.135734609445784,30122.738095238048
Hyundai  i40  I Restyling 2015 – 2019 ,-1.700231510786546,106260.10862559662
Hyundai  ix35  I 2010 – 2013 ,0.6877533046510877,39170.08769702518
Infiniti  EX  I (J50) 2007 – 2013 ,0.6224499297420032,94012.57463810271
Infiniti  FX  I (S50) 2002 – 2006 ,0.43513935553139227,37819.46679709186
Infiniti  FX  II (S51) 2008 – 2012 ,0.5479682315346566,76646.22089947066
Infiniti  G  IV 2006 – 2013 ,0.770119271813559,68577.2879464286
Infiniti  M  III 2005 – 2008 ,-0.003154688321723942,57649.8015873016
Infiniti  M  III Restyling 2008 – 2010 ,-0.45330805849806177,95565.54365079365
Infiniti  M  IV 2010 – 2013 ,0.8029043050062771,86131.59094840346
Infiniti  Q50  I 2013 – 2017 ,-1.5675448555669362,102942.21031746035
Infiniti  QX50  II 2017 – now ,-4.13002880852791,236234.7010582021
Infiniti  QX56  II 2010 – 2013 ,-0.9779112382053945,265963.43205026485
Infiniti  QX60  I Restyling 2016 – now ,-0.34872225959632885,275157.0330687834
Infiniti  QX70  2013 – 2017 ,-17.747408284919395,206535.4250000002
Infiniti  QX80  I 2013 – 2014 ,-0.45699970244109744,97243.25468975503
Iran Khodro  Samand  2002 – now ,-0.00017808553312392839,21001.647426647414
Isuzu  Trooper  II 1992 – 2002 ,-0.3701149887534698,66701.19047619036
Jaguar  X-Type  I 2001 – 2008 ,0.3889090008959841,61018.11904761909
Jaguar  XF  I Restyling 2011 – 2015 ,-0.18495166629986604,77313.29166666651
Jaguar  XJ  IV (X351) 2009 – 2015 ,-2.7423559964023005,286078.1445707069
Jeep  Cherokee  II (XJ) 1984 – 1996 ,-19.98575407850985,171735.9077380952
Jeep  Cherokee  V (KL) 2013 – 2018 ,-2.831935207727935,94801.39087301602
Jeep  Compass  I Restyling 2010 – 2013 ,0.5060652158726386,40238.82438596485
Jeep  Compass  II 2017 – now ,0.3831793361535728,101639.6537235449
Jeep  Grand Cherokee  III (WK) 2004 – 2010 ,0.40930222510829906,78042.98354076478
Jeep  Wrangler  IV (JL) 2017 – now ,-0.12158182988665844,625822.0297064031
Kia  Carens  II (UN) 2006 – 2012 ,0.7123834680510959,23376.619047619053
Kia  Carnival  I Restyling 2002 – 2006 ,-0.1465018524459334,62965.55284992786
Kia  Ceed  I 2006 – 2010 ,-0.16131079408678595,31115.351757369604
Kia  Ceed  I Restyling 2010 – 2012 ,0.1333302584549776,57617.56320861677
Kia  Ceed  II 2012 – 2015 ,0.16161407698854469,80509.24434824428
Kia  Ceed  II Restyling 2015 – 2018 ,-0.161333712910388,132186.4621836496
Kia  Ceed  III 2018 – now ,-0.21056949762727917,113701.6567580568
Kia  Cerato  I Restyling 2006 – 2009 ,0.536894927636812,16747.143277777785
Kia  Cerato  II 2008 – 2013 ,0.5841751127876682,63289.00222462721
Kia  Cerato  III 2013 – 2016 ,0.572080107224,66980.56313131317
Kia  Cerato  III Restyling (Classic) 2016 – now ,-0.7541146712223095,70548.82063492069
Kia  Cerato  IV 2018 – now ,-0.0695027738857037,78037.8982638889
Kia  Optima  III 2010 – 2013 ,0.8917733578673014,10710.614417989389
Kia  Optima  III Restyling 2013 – 2015 ,-1.0559039009618552,112913.36089285719
Kia  Optima  IV Restyling 2018 – now ,0.604001150052538,174310.7533189031
Kia  Picanto  I Restyling 2007 – 2011 ,-46.95718502724893,68693.77910052911
Kia  Picanto  II 2011 – 2015 ,-0.5771266987982813,83412.69087824874
Kia  Picanto  III 2017 – now ,-0.9968599208837894,69254.79726694223
Kia  Quoris  I Ресталинг 2 2015 – 2018 ,-1.1048908240839914,288063.65982873325
Kia  Rio  II 2005 – 2009 ,-1.2761229632037283,41966.972222222226
Kia  Rio  II Restyling 2009 – 2011 ,0.8697714183274705,16971.902603646344
Kia  Rio  III 2011 – 2015 ,-3.8868642305155587,43880.97023809511
Kia  Rio  III Restyling 2015 – 2017 ,-0.29982158005619985,39259.11691515192
Kia  Rio  IV 2017 – now ,-0.1798503688800892,100788.29324247177
Kia  Rio  IV Restyling 2020 – now ,-0.10179230394823824,125325.0
Kia  Shuma  II 2001 – 2004 ,-0.27982798453543234,25248.18253968254
Kia  Sorento  II 2009 – 2012 ,0.4810955274177795,47275.208333333256
Kia  Sorento  II Restyling 2012 – now ,-0.12010320436574973,96601.71825396836
Kia  Sorento  III Prime Restyling 2017 – now ,-0.034945163930339085,142154.3253968257
Kia  Soul  I 2008 – 2011 ,0.5903186969586207,13014.851190476096
Kia  Soul  II 2013 – 2016 ,-8.782741050392803,57311.08597883617
Kia  Soul  II Restyling 2016 – 2019 ,0.6797044075359573,85304.41021417298
Kia  Soul  III 2019 – now ,-0.289830900475055,104144.66242969975
Kia  Sportage  I 1993 – 2006 ,0.4671187310425883,47028.25432900429
Kia  Sportage  II Restyling 2008 – 2010 ,-0.7523327926806589,55517.72222222221
Kia  Sportage  IV Restyling 2018 – now ,0.22080477881282257,80008.26875000016
Kia  Stinger  I 2017 – now ,-6.109956683731076,388871.18596681143
Kia  Venga  I 2009 – 2014 ,0.3521964390285721,33102.05454267971
Kia  Venga  I Restyling 2014 – 2018 ,0.8465895793159279,45549.7708333335
LADA (VAZ)  2101  1970 – 1988 ,0.7212853645402726,25789.2857142857
LADA (VAZ)  2103  1972 – 1984 ,0.48840416243755547,89738.61210317457
LADA (VAZ)  2104  1984 – 2012 ,-1.9971359609712809,39915.386904761916
LADA (VAZ)  2105  1979 – 2011 ,-6.257914451607058,97800.33482142858
LADA (VAZ)  21099  1990 – 2011 ,0.42252323286278515,96685.60549371263
LADA (VAZ)  2111  1997 – 2009 ,0.9124845752660464,11884.958158730165
LADA (VAZ)  2112  1999 – 2009 ,0.042083098987315326,60282.08928571429
LADA (VAZ)  2113  2004 – 2013 ,0.4719163136246778,43198.89455782313
LADA (VAZ)  2115  1997 – 2012 ,0.7776111580365346,13467.601618520366
LADA (VAZ)  2121 (4x4)  I 1977 – 1993 ,0.47689962822136545,25305.238095238103
LADA (VAZ)  2121 (4x4)  I Restyling (2020) 2019 – now ,-0.02737774534363724,84791.52311507944
LADA (VAZ)  2121 (4x4)  I Restyling 1993 – now ,-1.6204249591151565,155669.6851620602
LADA (VAZ)  2131 (4x4)  I 1993 – 2019 ,0.7730658858895,39818.05158730156
LADA (VAZ)  Granta  I 2011 – 2018 ,-0.2396895265168355,41535.04393424039
LADA (VAZ)  Granta  I Restyling 2018 – now ,0.6504909686316969,30658.942050370053
LADA (VAZ)  Kalina  I 2004 – 2013 ,0.3211932613019338,26582.744754689767
LADA (VAZ)  Kalina  II 2013 – 2018 ,-0.41420100506193513,72509.78133903137
LADA (VAZ)  Largus  I 2012 – now ,0.8690996372552632,48727.90040293039
LADA (VAZ)  Priora  I 2007 – 2013 ,-0.0497072398865086,40238.889046717166
LADA (VAZ)  Vesta  I 2015 – now ,0.759646866673549,57035.56647813999
LADA (VAZ)  XRAY  I 2015 – now ,0.8940628813295676,31798.42222222226
Land Rover  Discovery  I 1989 – 1998 ,-489.8860560316222,76989.025
Land Rover  Range Rover  III 2001 – 2005 ,-0.02855674522382179,94086.19577921454
Land Rover  Range Rover  IV Restyling 2017 – now ,-213.15664670200218,1569487.6547619011
Land Rover  Range Rover Sport  I 2005 – 2009 ,0.8858918901831064,41665.871753246756
Lexus  ES  VI Restyling 2015 – 2018 ,0.6274370465811541,158787.8789326141
Lexus  ES  VII 2018 – now ,-0.5186923639440313,565294.6389490128
Lexus  GS  III 2004 – 2007 ,-2.6099332144502116,65311.68749999997
Lexus  GS  III Restyling 2007 – 2011 ,-2.1891401639344266,144500.0
Lexus  GS  IV 2011 – 2015 ,0.631493975490206,170040.25793650816
Lexus  GX  I 2002 – 2009 ,0.008355577132751812,123500.02695436527
Lexus  GX  II Restyling 2013 – 2019 ,0.877010759066671,168794.22150793625
Lexus  IS  II 2005 – 2008 ,0.7703997389305741,18459.05926712189
Lexus  IS  III 2013 – 2016 ,-0.3670814653324348,167714.91616390095
Lexus  LX  II 1998 – 2002 ,-0.08855839006131383,306162.49999999994
Lexus  LX  II Restyling 2002 – 2007 ,0.9345213205642766,30690.55555555558
Lexus  NX  I 2014 – 2017 ,0.5794402566186848,64282.7345806874
Lexus  NX  I Restyling 2017 – now ,-0.6887731988782115,110694.8886904765
Lexus  RX  I 1997 – 2003 ,0.15561154882132078,44953.47222222227
Lexus  RX  II Restyling 2006 – 2009 ,0.9980032787206431,3627.0
Lexus  RX  III 2008 – 2012 ,-0.7814845305515195,188933.68652380948
Lexus  RX  III Restyling 2012 – 2015 ,-0.0024780055508821786,347982.17089947104
Lexus  RX  IV Restyling 2019 – now ,-9.851526151086452,997275.5856499526
Lifan  X60  I 2011 – 2015 ,0.449997966588882,30220.27981707841
Lifan  X60  I Restyling 2 2016 – now ,-0.013909214068111853,59044.50774225779
Lifan  X60  I Restyling 2015 – 2016 ,-1.8782990422163346,46691.150793650886
Lincoln  Navigator  IV 2017 – now ,0.7546498383582216,709650.4016654799
Luxgen  Luxgen7 SUV  2013 – 2017 ,0.8324706468582752,34872.52777777775
MINI  Clubman  II 2015 – 2019 ,0.6025428938713254,338819.07228236226
MINI  Countryman  I 2010 – 2016 ,0.8655870157304368,55944.56881721236
MINI  Countryman  II 2016 – now ,0.5561190512275807,121655.78636363614
MINI  Hatch  I (R50) 2000 – 2006 ,-3.2922567313719213,59150.85119047618
MINI  Hatch  II (R56) 2006 – 2010 ,0.22348228748450083,53351.69940476188
MINI  Hatch  II (R56) Restyling 2010 – 2013 ,0.43939478868214465,72595.32931568405
MINI  Hatch  III (F55/F56) 2013 – 2018 ,0.5098810117218053,130864.81117216116
MINI  Hatch  III (F55/F56) Restyling 2018 – now ,0.5807086617716425,236487.01106492587
Maserati  Levante  I 2016 – now ,0.26834410071493053,98885.63492063557
Mazda  3  I (BK) 2003 – 2006 ,-1.0666799961005373,37128.63572156084
Mazda  3  I (BK) Restyling 2006 – 2009 ,-11.604630135898276,47564.371031746035
Mazda  3  II (BL) 2008 – 2011 ,0.23746853611074203,40693.97211399711
Mazda  3  II (BL) Restyling 2011 – 2013 ,0.06039275956260648,46217.698296071154
Mazda  3  III (BM) 2013 – 2017 ,-0.28632307756263087,107156.64880952383
Mazda  3  III (BM) Restyling 2016 – 2018 ,-2.009743169707156,82253.67460317475
Mazda  3  IV (BP) 2019 – now ,-0.0009160824469764961,44500.0
Mazda  6  I (GG) 2002 – 2005 ,0.3103672547858297,46789.813266594494
Mazda  6  I (GG) Restyling 2005 – 2008 ,-0.4166082175738419,28817.861111111164
Mazda  6  II (GH) 2007 – 2009 ,0.6325628083362631,45020.03953823958
Mazda  6  II (GH) Restyling 2009 – 2013 ,-1.2002450322245073,101156.894047619
Mazda  6  III (GJ) 2012 – 2015 ,-0.5552271538792972,69484.40410052899
Mazda  6  III (GJ) Restyling 2 2018 – now ,0.6893533098909086,154610.44642857122
Mazda  626  IV (GE) 1991 – 1997 ,-0.36180577353985655,31997.85541666667
Mazda  CX-5  I Restyling 2015 – 2017 ,-0.2887543637944783,91628.80756974492
Mazda  CX-5  II 2017 – now ,0.8128868889705053,80122.55134126963
Mazda  CX-7  I 2006 – 2009 ,-0.8227846858840144,48823.82539682548
Mazda  MPV  II (LW) 1999 – 2003 ,-72.78122162789178,33697.86507936507
Mercedes-Benz  190 (W201)  1982 – 1993 ,-29.553001995167673,143550.0
Mercedes-Benz  A-Class  I (W168) 1997 – 2001 ,-0.027548286450637338,29799.00000000002
Mercedes-Benz  A-Class  III (W176) 2012 – 2015 ,-1.1872325753291295,156040.24206349254
Mercedes-Benz  A-Class  IV (W177) 2018 – now ,-1.1027805111145446,170752.66695238106
Mercedes-Benz  AMG GT  I Restyling 2017 – now ,0.797062268946219,1469073.6970238094
Mercedes-Benz  B-Class  II (W246) 2011 – 2014 ,0.4516255369677339,72902.15601851845
Mercedes-Benz  B-Class  II (W246) Restyling 2014 – 2018 ,-0.10735888103401936,236732.59920634926
Mercedes-Benz  C-Class  I (W202) 1993 – 1997 ,-3.261251623957482,39014.026785714275
Mercedes-Benz  C-Class  III (W204) 2006 – 2011 ,-24.887067290113816,72761.5013227514
Mercedes-Benz  C-Class  III (W204) Restyling 2011 – 2015 ,0.5525875630092334,118099.9135613842
Mercedes-Benz  C-Class  IV (W205) 2014 – 2018 ,-4.1693036475376735,339377.5351473921
Mercedes-Benz  C-Class  IV (W205) Restyling 2018 – now ,0.7568751136189118,202087.93861836573
Mercedes-Benz  CL-Class  III (C216) 2006 – 2010 ,0.14119137523870318,118339.96023148189
Mercedes-Benz  CL-Class AMG  II (C216) 2006 – 2010 ,-0.6241748810773478,272964.7767857144
"Mercedes-Benz  CLA  I (C117, X117) 2013 – 2016 ",0.11308873436867983,168669.0565888047
"Mercedes-Benz  CLA  I (C117, X117) Restyling 2016 – 2019 ",-1.0605808023700622,122494.5008417513
"Mercedes-Benz  CLA  II (C118, X118) 2019 – now ",-6.679388798183621,243648.13680062458
Mercedes-Benz  CLK-Class  I (W208) 1997 – 2000 ,0.8154819377739774,257283.63275613287
Mercedes-Benz  CLK-Class  II (W209) 2002 – 2005 ,-0.2776501935525384,213675.1076190474
Mercedes-Benz  CLS  I (C219) 2004 – 2008 ,-5.081952535971362,187443.47592857157
Mercedes-Benz  CLS  II (C218) 2010 – 2014 ,-6.36252115520355,276336.69841269846
"Mercedes-Benz  E-Class  IV (W212, S212, C207) 2009 – 2013 ",0.621552381224406,90787.87679413187
"Mercedes-Benz  E-Class  IV (W212, S212, C207) Restyling 2013 – 2016 ",0.41118184713757977,119402.11468253967
Mercedes-Benz  E-Class AMG  V (W213) 2016 – now ,0.5075226042884718,1247578.4598214282
Mercedes-Benz  E-Class AMG  V (W213) Restyling 2020 – now ,0.4865104683499025,967858.7817460323
Mercedes-Benz  G-Class  II (W463) 1990 – 2006 ,0.9239261763512658,120546.70634920632
Mercedes-Benz  G-Class  II (W463) Restyling 2 2008 – 2012 ,0.42735674204496366,123825.73611111163
Mercedes-Benz  G-Class  II (W463) Restyling 4 2015 – 2018 ,-0.6204943587948153,473299.18386243377
Mercedes-Benz  G-Class AMG  II (W463) 2018 – now ,-0.6169207761140694,1638404.9610476096
Mercedes-Benz  GL-Class  I (X164) 2006 – 2009 ,-1.0245632980320627,101853.0555555555
Mercedes-Benz  GLA  I (X156) 2013 – 2017 ,0.5346634984325838,73863.86327561254
Mercedes-Benz  GLA  I (X156) Restyling 2017 – now ,0.7855184781057483,110923.69365079375
Mercedes-Benz  GLA  II (H247) 2020 – now ,0.1829382313990524,313245.2522272735
Mercedes-Benz  GLE AMG  I (W166) 2015 – 2019 ,0.06694574387431806,538064.8648268403
Mercedes-Benz  GLE Coupe  I (C292) 2015 – 2019 ,-1.309279905914508,167264.59523809608
Mercedes-Benz  GLE Coupe AMG  I (C292) 2015 – 2019 ,0.16836342284888517,1191138.8591269834
Mercedes-Benz  GLS AMG  II (X167) 2020 – now ,-0.15875918243168097,908959.3646666656
Mercedes-Benz  M-Class  I (W163) Restyling 2001 – 2005 ,-0.55608635580411,96942.21698412696
Mercedes-Benz  M-Class  II (W164) 2005 – 2008 ,0.43906378144480207,126955.59920634923
Mercedes-Benz  M-Class  II (W164) Restyling 2008 – 2011 ,0.6958076446327635,49516.69047619057
Mercedes-Benz  M-Class AMG  II (W164) Restyling 2008 – 2011 ,0.13000333882338988,184859.51587301615
Mercedes-Benz  M-Class AMG  III (W166) 2011 – 2015 ,-0.8362874794456072,389510.4999999997
Mercedes-Benz  Maybach S-Class  I (X222) 2014 – 2017 ,0.8124958651499372,1579501.804544424
Mercedes-Benz  S-Class  IV (W220) 1998 – 2005 ,-0.022338550394103374,127923.94854153779
Mercedes-Benz  S-Class  IV (W220) Restyling 2002 – 2005 ,-1.4695554825626704,67826.53571428572
Mercedes-Benz  S-Class  V (W221) 2005 – 2009 ,0.16275002553203954,142850.92619047617
Mercedes-Benz  S-Class  V (W221) Restyling 2009 – 2013 ,-2.0612022201432234,179206.35317460317
"Mercedes-Benz  S-Class  VI (W222, C217) 2013 – 2017 ",-4.21941115080454,300799.6249999993
"Mercedes-Benz  S-Class  VI (W222, C217) Restyling 2017 – now ",0.9070371100299847,1201010.544722222
"Mercedes-Benz  S-Class AMG  III (W222, C217) 2013 – 2017 ",0.6049598185208253,688380.686507936
"Mercedes-Benz  S-Class AMG  III (W222, C217) Restyling 2017 – now ",0.37911217244317097,1563478.4009773836
Mercedes-Benz  SLK-Class  I (R170) 1996 – 2000 ,-1.9599531250000002,16887.5
Mercedes-Benz  SLK-Class  I (R170) Restyling 2000 – 2004 ,0.18503857075261265,74085.1025132275
Mercedes-Benz  Viano  I (W639) 2003 – 2010 ,0.6581766196379342,126136.07142857143
Mercedes-Benz  Viano  I (W639) Restyling 2010 – 2014 ,0.010312454161862439,487721.1507936508
Mercedes-Benz  W123  1975 – 1985 ,-2.844275874784641,277006.38888888893
Mercedes-Benz  W124  1984 – 1993 ,0.10715556023040895,376293.5
Mitsubishi  ASX  I 2010 – 2013 ,0.5679278801874714,53274.43696476463
Mitsubishi  ASX  I Restyling 2 2016 – now ,-6.450180557394211,203816.90873015914
Mitsubishi  ASX  I Restyling 2012 – 2016 ,-3.1586134469348783,173754.91203703696
Mitsubishi  Carisma  I Restyling 1999 – 2004 ,-0.1716101378902899,234670.96279761905
Mitsubishi  Galant  IX Restyling 2006 – 2008 ,-1.1953531328759577,56602.2263708513
Mitsubishi  Galant  VIII Restyling 1998 – 2006 ,-4.436253004031992,89716.66666666667
Mitsubishi  Lancer  IX 2000 – 2007 ,-6.035101995810299,28258.595238095255
Mitsubishi  Lancer  IX Restyling 2005 – 2010 ,0.16366919334430496,59613.25
Mitsubishi  Lancer  X 2007 – 2010 ,-0.17309027826523593,50725.85879629632
Mitsubishi  Lancer  X Restyling 2011 – 2015 ,-2.573681542446564,55241.45370370365
Mitsubishi  Montero  III 1999 – 2006 ,0.7002216181970986,50444.24042161537
Mitsubishi  Outlander  I 2002 – 2008 ,0.9357436647200422,16744.246031746035
Mitsubishi  Outlander  II Restyling 2009 – 2013 ,0.5703942185033759,32175.19444444438
Mitsubishi  Outlander  III Restyling 2 2015 – 2018 ,-2.7996447106819984,233182.037202381
Mitsubishi  Outlander  III Restyling 2014 – 2015 ,0.7000162636895372,75717.69329390656
Mitsubishi  Outlander  III Restyling 3 2018 – now ,0.12960146113313176,150876.75585858553
Mitsubishi  Pajero  III 1999 – 2002 ,-0.9992256642939679,102930.21825396836
Mitsubishi  Pajero  III Restyling 2002 – 2006 ,0.04524470227631616,60884.37500000006
Mitsubishi  Pajero Pinin  1998 – 2006 ,0.8802291292943998,20854.70000000001
Moskvich  2140  1976 – 1988 ,-9.001151239146948,79334.12643749999
Moskvich  2141  1986 – 1998 ,0.810410923430714,83166.09224694148
Nissan  Almera  II (N16) Restyling 2002 – 2006 ,-0.5103258595544624,33719.09739717106
Nissan  Almera  III (G15) 2012 – 2018 ,-0.045102153462081684,50900.76190476191
Nissan  Almera Classic  I 2006 – 2013 ,-1.2886877130163583,30418.32936507935
Nissan  Juke  I 2010 – 2014 ,0.7596127953004754,24204.414815031298
Nissan  Juke  I Restyling 2014 – 2019 ,0.8286162162008889,84970.08227698226
Nissan  Micra  III (K12) 2002 – 2010 ,0.6913085310166198,39635.4170277778
Nissan  Murano  I (Z50) 2002 – 2008 ,-255.16007349193,30923.337301587337
Nissan  Murano  II (Z51) 2007 – 2010 ,0.17787819793473314,47898.97156084635
Nissan  Murano  II (Z51) Restyling 2010 – 2012 ,0.47931028430341327,46442.95454545447
Nissan  Note  I 2005 – 2008 ,-0.10378290661158562,45932.95608465604
Nissan  Patrol  VI (Y62) 2010 – 2014 ,-1.9547398175833521,189764.72619047682
Nissan  Qashqai  I 2006 – 2010 ,0.4307498254278809,56659.67989417992
Nissan  Qashqai  I Restyling 2010 – 2013 ,0.4850166723756766,40133.05654761908
Nissan  Qashqai  II 2013 – 2019 ,0.7689721207672914,89760.24841269823
Nissan  Qashqai  II Restyling 2017 – now ,0.33493256565115315,164202.27680555554
Nissan  Qashqai+2  I Restyling 2010 – 2013 ,-0.6691734162271696,78251.19492544491
Nissan  Teana  I Restyling 2005 – 2008 ,0.01992705004978268,31687.334956709936
Nissan  Teana  II Restyling 2011 – 2014 ,-2.215231908680453,79950.6215079365
Nissan  Teana  III 2014 – now ,0.3253797323073945,67655.86279461284
Nissan  Terrano  III (D10) 2014 – now ,0.2313532529477217,103768.27678571432
Nissan  Tiida  I 2004 – 2012 ,-0.45095327581128064,48022.60912698406
Nissan  Tiida  I Restyling 2010 – 2013 ,-2.681785612820424,58722.248917748955
Nissan  Tiida  II 2015 – 2018 ,-15.255044251222898,64494.51190476166
Nissan  X-Trail  II 2007 – 2011 ,0.5476078922038851,47582.04464285719
Nissan  X-Trail  II Restyling 2010 – 2015 ,0.5612043179020065,83837.1362300689
Nissan  X-Trail  III 2013 – 2019 ,-0.3645354227905677,125627.64583333326
Nissan  X-Trail  III Restyling 2017 – now ,0.4604124973848105,111120.25322438656
Opel  Antara  I 2006 – 2011 ,0.686548427582538,30814.454850704893
Opel  Astra  G 1998 – 2009 ,-0.5673307526661708,46034.16666666668
Opel  Astra  H 2004 – 2007 ,0.3913023305284502,26798.73911033354
Opel  Astra  H Restyling 2006 – 2014 ,0.6000109181101201,55675.354183185234
Opel  Astra  J 2009 – 2012 ,-1.6816419535678406,47977.99531487032
Opel  Astra  J Restyling 2012 – 2017 ,0.2329980500033263,50411.13769270042
Opel  Corsa  B 1993 – 2000 ,-12.711696456653799,18007.301587301597
Opel  Corsa  C Restyling 2003 – 2006 ,0.04502562322677106,56786.83333333332
Opel  Corsa  D 2006 – 2010 ,-0.09647053420190388,49394.75128898882
Opel  Corsa  D Restyling I 2010 – 2011 ,0.05563150682618401,30656.80489417992
Opel  Corsa  D Restyling II 2011 – 2014 ,-0.18636700695011288,15757.638888888856
Opel  Frontera  A 1992 – 1998 ,-0.3611451157918235,39859.265873015866
Opel  Frontera  B 1998 – 2001 ,-1.0420279606752545,45300.07936507937
Opel  Insignia  I 2008 – 2013 ,0.5981599419793646,65131.69047619045
Opel  Insignia  I Restyling 2013 – 2017 ,0.22959719257286104,63598.26350262846
Opel  Meriva  A Restyling 2006 – 2010 ,-3.456335642977848,48795.811507936545
Opel  Meriva  B 2010 – 2014 ,-3.6165201697201548,115865.623015873
Opel  Mokka  I 2012 – 2016 ,-0.15959678181572157,70861.09920172422
Opel  Monterey  A 1992 – 1998 ,0.14333915454431123,67585.47619047615
Opel  Vectra  B 1995 – 1999 ,0.066018366299745,36021.03571428572
Opel  Vectra  C 2002 – 2005 ,-0.4373603606607963,37848.770313020315
Opel  Vectra  C Restyling 2005 – 2008 ,0.8765841232675504,14390.341810966813
Opel  Zafira  B Restyling 2008 – 2014 ,-16.718926755389134,76490.87499999999
Peugeot  206  1998 – 2012 ,0.7037142635078693,24675.17455362163
Peugeot  207  I 2006 – 2009 ,-2.4107117414588553,21882.59956709957
Peugeot  3008  I 2009 – 2013 ,-1.1528401702065967,50269.73527050294
Peugeot  307  I 2001 – 2005 ,0.026775679284085196,39516.992063492056
Peugeot  307  I Restyling 2005 – 2008 ,0.37077171090838346,19389.797739297745
Peugeot  308  I 2007 – 2011 ,0.5250160378967342,76233.9755205112
Peugeot  308  I Restyling 2011 – 2015 ,0.20461975057999493,57091.151352083
Peugeot  4007  2007 – 2012 ,0.7568674775719949,10253.12806637818
Peugeot  406  I Restyling 1999 – 2005 ,-0.7639608643350968,69302.3
Peugeot  407  2004 – 2011 ,-0.11435386400637837,96430.85912698413
Peugeot  408  I Restyling 2017 – now ,-10.552864771285384,52892.271825397234
Peugeot  508  I 2011 – 2014 ,0.15663347143288797,41672.6587301587
Peugeot  Partner  II 2008 – 2012 ,-398.3977209853397,56827.166666666686
Peugeot  Partner  II Restyling 2012 – 2015 ,-3.599379659466951,85467.50000000001
Porsche  Cayenne  I (955) 2002 – 2007 ,-21.18992272727295,142508.00595238083
Porsche  Cayenne  I Restyling (957) 2007 – 2010 ,-4.514880817438133,187221.97619047624
Porsche  Cayenne  II (958) 2010 – 2014 ,0.7019852713838446,274401.3209325393
Porsche  Cayenne  III 2017 – now ,0.2942458064348282,1435933.00595238
Porsche  Macan  I 2014 – 2018 ,0.8756271614161558,93767.58333333365
Porsche  Macan  I Restyling 2018 – now ,-0.04021405582806281,1027375.9352619047
Porsche  Panamera  I 2009 – 2013 ,0.34041776826546066,218832.00662698413
Ravon  R2  2016 – now ,0.826711636738642,61240.657194657186
Renault  19  II 1992 – 2002 ,0.8465049062158816,4098.357142857141
Renault  Arkana  I 2019 – now ,0.13984597280954247,60978.27649999992
Renault  Dokker  2012 – now ,0.5745977290565368,44672.43386243377
Renault  Duster  I 2010 – 2015 ,-1.2642847118585459,23185.2321428571
Renault  Duster  I Restyling 2015 – now ,0.966153478693698,24849.164389880985
Renault  Fluence  I 2009 – 2013 ,0.15128849218644236,48699.19642857142
Renault  Fluence  I Restyling 2012 – 2017 ,-40.98731471982558,119477.49537037023
Renault  Kangoo  I Restyling 2003 – 2009 ,-0.40628308410331937,19861.021825396834
Renault  Kangoo  II 2008 – 2013 ,0.25192554869269135,40551.24404761905
Renault  Kangoo  II Restyling 2013 – now ,0.7691591932652346,15203.791666666628
Renault  Koleos  I 2008 – 2011 ,-0.5383101645697201,46968.15361952863
Renault  Koleos  I Restyling 2 2013 – 2016 ,0.6683889528353091,76727.5396825396
Renault  Koleos  I Restyling 2011 – 2013 ,0.36863900785516945,140471.89321428566
Renault  Logan  I Restyling 2009 – 2015 ,-4.881354386014492,29810.230654761923
Renault  Logan  II 2012 – 2018 ,-0.10197376952682546,107991.32010582008
Renault  Logan  II Restyling 2018 – now ,0.43286083734179637,53060.49958520402
Renault  Megane  I 1995 – 1999 ,0.5212163080484982,22095.1130952381
Renault  Megane  II 2002 – 2006 ,-1.296917662795865,19018.746031745988
Renault  Megane  II Restyling 2006 – 2009 ,-0.540865437071584,25019.350198412692
Renault  Megane  III 2008 – 2014 ,-0.12049354194229012,72748.50138888885
Renault  Megane  III Restyling 2012 – 2014 ,-1.1353483750333755,52498.146013708516
Renault  Sandero  I 2009 – 2014 ,0.30680275954000735,59198.59077560513
Renault  Sandero  II 2013 – 2018 ,-0.5448611983272491,56536.827021954334
Renault  Sandero  II Restyling 2018 – now ,0.15590717730475379,74509.52330641804
Renault  Scenic  II Restyling 2006 – 2009 ,0.520383717324429,23066.944444444514
Renault  Symbol  I Restyling 2002 – 2006 ,-0.15993334838761197,39110.676666666666
Renault  Symbol  ll 2008 – 2012 ,0.3912182140358895,30759.143836283543
Rolls-Royce  Wraith  2013 – now ,0.9742563404267633,1228759.0277777761
Rover  600  1993 – 1999 ,-0.03196094444444442,14592.5
Rover  75  I 1999 – 2004 ,0.7146139641568823,61739.69291992727
SEAT  Leon  II Restyling 2009 – 2012 ,0.19604640830570663,112010.84374999991
SEAT  Leon  III 2012 – 2016 ,-36.697857174906964,222565.23809523808
Saab  9-3  II Restyling 2007 – 2014 ,0.6758460247302436,57231.06614872677
Saab  9-5  I Restyling 2001 – 2005 ,0.12906828378534208,71197.57652070155
Skoda  Fabia  I 1999 – 2004 ,0.7595930123193602,13256.041666666657
Skoda  Fabia  I Restyling 2004 – 2007 ,0.029004111911390185,34797.511904761894
Skoda  Fabia  II 2007 – 2010 ,0.908546656012311,12570.50892857142
Skoda  Fabia  II Restyling 2010 – 2014 ,0.611670813510298,35369.80687830688
Skoda  Felicia  I Restyling 1998 – 2001 ,0.1365365873008162,53284.02232142858
Skoda  Karoq  I 2017 – now ,-3.3134256728017055,230490.94547282308
Skoda  Octavia  I (A4) 1996 – 2000 ,-0.14027099581221236,53464.078798185954
Skoda  Octavia  II (A5) 2004 – 2009 ,0.6933417136847073,12381.771825396812
Skoda  Octavia  II (A5) Restyling 2008 – 2013 ,0.7498158490690734,37792.91666666667
Skoda  Octavia  III (A7) 2013 – 2017 ,0.652266355177387,88882.35082972575
Skoda  Octavia  III (A7) Restyling 2017 – now ,0.76470537665072,95989.58099999996
Skoda  Octavia  IV (A8) 2019 – now ,0.4542199845619296,72634.43216931215
Skoda  Octavia RS  II Restyling 2008 – 2013 ,-0.7316584329545055,142142.78861904747
Skoda  Rapid  I 2012 – 2017 ,0.03346975545081443,66695.3764172336
Skoda  Rapid  I Restyling 2017 – now ,-0.7626046655601408,93885.97222222202
Skoda  Rapid  II 2020 – now ,-0.9607127220169063,140878.23724383028
Skoda  Roomster  I 2006 – 2010 ,-0.55633477912243,42355.47222222219
Skoda  Superb  II 2008 – 2013 ,0.6856466795510767,30383.90476190481
Skoda  Superb  II Restyling 2013 – 2015 ,-0.6950030331533115,193356.27827380958
Skoda  Superb  III 2015 – 2019 ,-2.3538953590648504,243863.77777777766
Skoda  Yeti  I 2009 – 2014 ,-1.4762374139856038,39402.56349206347
Smart  Forfour  II 2014 – now ,0.7803539377648264,110529.21771284279
Smart  Fortwo  I 1998 – 2004 ,0.23351127892318968,32157.738095238106
Smart  Fortwo  III 2014 – now ,0.7487259908329726,221463.33333333326
SsangYong  Actyon  II Restyling 2013 – now ,-0.5707582501086907,62065.657702381024
Subaru  Forester  I 1997 – 2000 ,-2.0542064888393874,71095.55555555558
Subaru  Forester  II 2002 – 2005 ,-974.2397081736109,118377.5
Subaru  Forester  II Restyling 2005 – 2008 ,-0.33248084814946366,74512.57111111109
Subaru  Forester  III Restyling 2011 – 2013 ,-0.442585558192073,222955.2301587301
Subaru  Forester  IV 2012 – 2015 ,-8.957129458270442,175310.629272487
Subaru  Forester  IV Restyling 2 2016 – 2018 ,0.3756952604333358,193287.56538600288
Subaru  Forester  V 2018 – now ,0.9346083265487654,54214.39774808509
Subaru  Impreza  III 2007 – 2011 ,0.05307824165081254,51119.37436868684
Subaru  Outback  II 1998 – 2004 ,0.96861846837016,10332.488934523768
Subaru  Outback  III 2003 – 2006 ,0.8192250036513672,28265.62500000003
Subaru  Outback  III Restyling 2006 – 2009 ,0.31731534738085654,21714.913991014542
Subaru  Outback  IV Restyling 2012 – 2014 ,-0.6777771409831304,73509.22038690484
Subaru  Tribeca  I 2004 – 2007 ,-11.857049492447413,158878.9147426647
Subaru  Tribeca  I Restyling 2007 – 2014 ,0.6670683923062778,75933.60912698426
Subaru  XV  I 2011 – 2016 ,0.3042342271445815,87625.0833333331
Suzuki  Grand Vitara  II 1997 – 2001 ,0.7377211043284179,24040.993145743127
Suzuki  Grand Vitara  II Restyling 2000 – 2006 ,0.6003866765951277,29260.2145448192
Suzuki  Grand Vitara  III 2005 – 2008 ,0.6732194222101279,57892.41587301588
Suzuki  Grand Vitara  III Restyling 2 2012 – 2015 ,0.9160378146724978,28268.700129235913
Suzuki  Jimny  III Restyling 1 2005 – 2012 ,0.4445958549683262,108165.21798340553
Suzuki  Jimny  IV 2018 – now ,-0.08722186533336984,140770.1388888889
Suzuki  Liana  I Restyling 2004 – 2008 ,0.6166578722048234,44341.24508928571
Suzuki  SX4  I (Classic) 2006 – 2009 ,0.3438477347688049,37308.48818542564
Suzuki  SX4  I (Classic) Restyling 2009 – 2014 ,0.618058837250343,42307.88888888899
Suzuki  SX4  II (S-Cross) 2013 – 2016 ,-1.6238234088175205,81221.18253968265
Suzuki  SX4  II (S-Cross) Restyling 2016 – now ,0.9590680322303711,21198.194444444496
Suzuki  Swift  III 2004 – 2011 ,0.8328832988393257,40318.255634920606
Suzuki  Swift  IV 2011 – 2013 ,-2.4733423886482053,93015.85714285725
Suzuki  Vitara  II 2014 – 2019 ,-17.906111473744982,63977.051587301736
Suzuki  Vitara  II Restyling 2018 – now ,0.789779432646198,38063.333333333336
TagAZ  Road Partner  2008 – 2011 ,-1.0679874803024099,85687.90806878306
TagAZ  Tager  2008 – 2012 ,-0.9385505229392546,51984.30357142856
Toyota  Alphard  III 2015 – 2017 ,0.8880949931332698,86291.72619047621
Toyota  Auris  I Restyling 2010 – 2012 ,0.6880284019804291,6401.195238095068
Toyota  Avensis  II 2003 – 2006 ,0.5265763853354632,42447.214285714275
Toyota  Avensis  II Restyling 2006 – 2009 ,0.49024718356500985,55827.03231292517
Toyota  Avensis  III 2008 – 2011 ,0.765109628350715,12723.898809523787
Toyota  C-HR  I 2016 – 2019 ,0.7519071286015284,19179.895257936325
Toyota  Camry  V (XV30) 2001 – 2006 ,0.2427680702958931,64254.138888888876
Toyota  Camry  VI (XV40) 2006 – 2009 ,-0.17666344597601902,66397.51984126987
Toyota  Camry  VI (XV40) Restyling 2009 – 2011 ,-0.50108649803258,76057.89838864833
Toyota  Camry  VII (XV50) 2011 – 2014 ,0.002491897143067301,98737.71349206341
Toyota  Camry  VII (XV50) Restyling 2 2017 – 2018 ,-0.11055352384304773,38795.67658730146
Toyota  Camry  VII (XV50) Restyling 2014 – 2017 ,-1.2286488001215217,112066.98746392498
Toyota  Camry  VIII (XV70) 2017 – now ,0.350908233770728,206546.667857143
Toyota  Celica  VII (T230) 1999 – 2002 ,0.2812322637893988,57592.22222222225
"Toyota  Corolla  IX (E120, E130) 2000 – 2004 ",0.8411868102848865,13109.004071325488
"Toyota  Corolla  IX (E120, E130) Restyling 2003 – 2007 ",0.4689775775154402,38792.895691609956
Toyota  Corolla  VII (E100) 1991 – 2000 ,0.030674913194444486,11742.5
"Toyota  Corolla  X (E140, E150) 2006 – 2012 ",-0.09466103510395518,38500.25
"Toyota  Corolla  X (E140, E150) Restyling 2010 – 2013 ",-0.11669898324788797,35732.136866605586
"Toyota  Corolla  XI (E160, E170) 2012 – 2016 ",-8.925952670971318,66164.52777777775
"Toyota  Corolla  XI (E160, E170) Restyling 2015 – now ",-0.17356606806009545,82346.59756969637
Toyota  FJ Cruiser  2006 – now ,-1.7627326787021227,274050.0
Toyota  Fortuner  II 2015 – now ,0.7941859141865798,74344.37301587344
Toyota  Highlander  I (U20) 2001 – 2003 ,-9.379762676600178,74653.21957671952
Toyota  Highlander  II (U40) Restyling 2010 – 2013 ,-0.8524234316304731,101796.50962400832
Toyota  Highlander  III (U50) 2013 – 2016 ,0.6794024231788709,111504.77046892769
Toyota  Highlander  III (U50) Restyling 2016 – 2019 ,0.9741709192330065,56319.77513227519
Toyota  Land Cruiser  100 Series 1998 – 2002 ,-16.307366370252993,285986.88095238083
Toyota  Land Cruiser  100 Series Restyling 1 2002 – 2005 ,-7.091868795744842,187014.40476190476
Toyota  Land Cruiser  100 Series Restyling 2 2005 – 2007 ,-6.6060625923597085,462556.8227698416
Toyota  Land Cruiser  80 Series Restyling 1995 – 1997 ,-0.6170518672938994,461771.2698412699
Toyota  Land Cruiser Prado  90 Series 1996 – 1999 ,-0.2201961354544244,86231.93970959596
Toyota  Prius  III (XW30) 2009 – 2011 ,-0.0939806518786801,55912.625
Toyota  RAV4  II (XA20) 2000 – 2003 ,0.43153900578065096,25409.404320216796
Toyota  RAV4  II (XA20) Restyling 2003 – 2006 ,-1.730640548780488,30561.25
Toyota  RAV4  III (XA30) 2005 – 2010 ,-0.053077166947206766,290531.345899471
Toyota  RAV4  III (XA30) Restyling 2010 – 2014 ,-0.025793458259017132,77285.88359788359
Toyota  RAV4  IV (CA40) Restyling 2015 – 2019 ,0.49184447517209395,62292.585317460434
Toyota  RAV4  V (XA50) 2018 – now ,0.023428210906133118,215156.92460317467
Toyota  Sienna  III 2010 – 2014 ,-1.1545785029755655,78324.66666666698
Toyota  Tundra  II 2007 – 2013 ,-0.5559874806797493,572055.7440476194
Toyota  Tundra  II Restyling 2013 – now ,-0.9810411878292269,1654332.2222222222
Toyota  Verso  I 2009 – 2012 ,-5.942833758266065,66307.96428571432
Volkswagen  Beetle  II (A5) 2011 – 2019 ,-1.8784779335560473,210390.43452380982
Volkswagen  Bora  1998 – 2005 ,-2.0755628985495727,41361.0912698413
Volkswagen  Caddy  III Restyling 2010 – 2015 ,0.5681258125746953,49189.31349206347
Volkswagen  Caddy  IV 2015 – now ,0.7646251683698,115435.73688149345
Volkswagen  Golf  II 1983 – 1992 ,0.2943866279335322,13725.446428571417
Volkswagen  Golf  IV 1997 – 2006 ,-1.0335727242672483,59409.566043083905
Volkswagen  Golf  V 2003 – 2009 ,-20.415566428348892,80267.16666666666
Volkswagen  Golf  VI 2008 – 2012 ,0.20068727278679876,32413.944444444438
Volkswagen  Golf  VII 2012 – 2017 ,-0.6561804578930968,63066.30000000001
Volkswagen  Golf Plus  I 2005 – 2009 ,0.8050166967942876,30549.585317460318
Volkswagen  Golf Plus  II 2009 – 2014 ,0.49329581801898503,48244.42857142852
Volkswagen  Jetta  V 2005 – 2011 ,0.11173582716801,33123.888888888876
Volkswagen  Jetta  VI 2010 – 2015 ,0.6804925359203622,62660.69255952377
Volkswagen  Jetta  VII 2018 – now ,0.57676005098821,57208.967389129335
Volkswagen  Passat  B3 1988 – 1997 ,-1.1642053628867832,35925.19009424216
Volkswagen  Passat  B5 1996 – 2001 ,0.8065862808346825,15997.321428571426
Volkswagen  Passat  B5 Restyling 2000 – 2005 ,-1.8829805408008973,55037.37632275134
Volkswagen  Passat  B6 2005 – 2010 ,-2.791811441145158,124679.17142857146
Volkswagen  Passat  B7 2011 – 2015 ,-0.3802259684081817,78883.23970041404
Volkswagen  Passat  B8 Restyling 2019 – now ,-0.8586806028315466,177901.21620238107
Volkswagen  Passat CC  I 2008 – 2012 ,0.5211649964659969,35192.47321428577
Volkswagen  Passat CC  I Restyling 2012 – 2017 ,-0.25431392941896025,85016.97949735467
Volkswagen  Pointer  2003 – 2006 ,0.08179829920410775,35228.37301587301
Volkswagen  Polo  V 2009 – 2015 ,-53.47354221813412,401826.6693722942
Volkswagen  Polo  V Restyling 2014 – now ,0.8371847600905962,27690.069940476213
Volkswagen  Polo  VI 2020 – now ,0.6955384032754492,80150.747120512
Volkswagen  Scirocco  III 2008 – 2014 ,-1.0502917825198406,196152.4444444444
Volkswagen  Tiguan  I 2007 – 2011 ,0.536117316098804,34822.07738095227
Volkswagen  Tiguan  II 2016 – now ,0.8751118763074494,81951.4058504693
Volkswagen  Touareg  I 2002 – 2007 ,0.5480981767937385,52692.797619047575
Volkswagen  Touareg  II 2010 – 2014 ,-0.03021967804711223,56394.60566666676
Volkswagen  Touran  II 2010 – 2015 ,-0.2984587670411676,138571.77777777778
Volvo  940  1988 – 1998 ,-1.2446839736196602,182732.6566468254
Volvo  C30  I 2006 – 2010 ,0.19928347001701796,70285.60120505762
Volvo  S40  I Restyling 1999 – 2004 ,0.06846843815104209,20868.472222222208
Volvo  S40  II Restyling 2007 – 2012 ,0.5001128095943527,29691.109788359743
Volvo  S60  I Restyling 2004 – 2009 ,-2.9491087080771266,92051.61011904769
Volvo  S60  II 2010 – 2013 ,0.7959985145697409,68796.92498922657
Volvo  S60  II Restyling 2013 – 2018 ,-1.302405014420593,253498.278797619
Volvo  S80  I Restyling 2003 – 2006 ,0.3403100099511006,72459.54305326121
Volvo  S80  II Restyling 2009 – 2013 ,0.08536500505415179,104931.71636049116
Volvo  V60  I 2010 – 2013 ,-5.26926688594425,79173.30952380924
Vortex  Estina  I 2008 – 2012 ,-2.293631656318825,36616.8915343915
Vortex  Tingo  I 2010 – 2012 ,-0.1607885166325982,17313.57046657048
YAZ  3151  1985 – 2013 ,-6.428260589775348,150289.22222222228
YAZ  469  1972 – 2011 ,-49.01561270340388,149953.9761904762
YAZ  Hunter  2003 – now ,-1.258552811523339,411708.3333333333
YAZ  Patriot  I Restyling 2 2014 – 2016 ,0.1675960069159318,36156.021583416594
YAZ  Patriot  I Restyling 2012 – 2014 ,-0.19134184862373416,27247.736111111066
YAZ  Patriot  I Restyling 3 2016 – now ,0.6748984459968634,82837.4394841269
YAZ  Pickup  I Restyling 2 2016 – now ,0.28284022847236656,54047.63888888891
ZAZ  968  1972 – 1994 ,-0.7590082307153228,106894.39166666665
ZAZ  Chance  2009 – 2014 ,-5.7267160191666635,41886.88888888888
